[
  {
    "contenido": "Componentes electrónicos",
    "tipo": "Bulto",
    "costo": 120000,
    "peso": 120,
    "nroGuia": "8WO0HVLS",
    "fragil": false,
    "valorDeclarado": 20000,
    "remitente": {
      "ciudad": "ANORI ANTIOQUIA",
      "direccion": "Laboratorio de física cuántica, LFCB",
      "id": "C0001",
      "telefono": "3115550001",
      "nombre": "Andres Juan Sanchez"
    },
    "idEnvio": "8WO0HVLS",
    "destinatario": {
      "ciudad": "SANTANA BOYACA",
      "direccion": "Laboratorio de física cuántica, LFCB",
      "id": "C0003",
      "telefono": "3115550001",
      "nombre": "Antonio jose guevara murcia"
    },
    "estados": [{
      "fecha": "2024-11-03T23:44:47",
      "idEstado": "223076389",
      "tipoEstado": "RECIBIDO"
    }]
  },
  {
    "contenido": "Componentes electrónicos",
    "tipo": "Bulto",
    "costo": 120000,
    "peso": 120,
    "nroGuia": "26FNWF2M",
    "fragil": true,
    "valorDeclarado": 20000,
    "remitente": {
      "ciudad": "ANORI ANTIOQUIA",
      "direccion": "Laboratorio de física cuántica, LFCB",
      "id": "C0001",
      "telefono": "3115550001",
      "nombre": "Andres Juan Sanchez"
    },
    "idEnvio": "26FNWF2M",
    "destinatario": {
      "ciudad": "BOGOTÁ, D.C. BOGOTÁ",
      "direccion": "Centro, carrera 20 # 15a-16",
      "id": "JWTCG",
      "telefono": "3202926754",
      "nombre": "Jaqueline Murcia Martinez"
    },
    "estados": [{
      "fecha": "2024-11-03T23:45:32",
      "idEstado": "1628657910",
      "tipoEstado": "RECIBIDO"
    }]
  },
  {
    "contenido": "Componentes electrónicos",
    "tipo": "Bulto",
    "costo": 200000,
    "peso": 200,
    "nroGuia": "RB91GFNZ",
    "fragil": true,
    "valorDeclarado": 20000,
    "remitente": {
      "ciudad": "ANORI ANTIOQUIA",
      "direccion": "Laboratorio de física cuántica, LFCB",
      "id": "C0001",
      "telefono": "3115550001",
      "nombre": "Andres Juan Sanchez"
    },
    "idEnvio": "RB91GFNZ",
    "destinatario": {
      "ciudad": "CORRALES BOYACA",
      "direccion": "Centro avenida 21",
      "id": "C0006",
      "telefono": "3209876543",
      "nombre": "Javier Francisco Hernandez Lopez"
    },
    "estados": [{
      "fecha": "2024-11-03T23:46:18",
      "idEstado": "709531799",
      "tipoEstado": "RECIBIDO"
    }]
  },
  {
    "contenido": "Bulto con ropa",
    "tipo": "Bulto",
    "costo": 10000,
    "peso": 10,
    "nroGuia": "V75DQ0PT",
    "fragil": true,
    "valorDeclarado": 5000,
    "remitente": {
      "ciudad": "MANIZALES CALDAS",
      "direccion": "Mercaldas La Fuente, Manizales",
      "id": "A08LI",
      "telefono": "3126542879",
      "nombre": "Juan Mateo Martinez Osorio"
    },
    "idEnvio": "V75DQ0PT",
    "destinatario": {
      "ciudad": "CORRALES BOYACA",
      "direccion": "Centro avenida 21",
      "id": "C0006",
      "telefono": "3209876543",
      "nombre": "Javier Francisco Hernandez Lopez"
    },
    "estados": [{
      "fecha": "2024-11-27T14:56:59",
      "idEstado": "1564450939",
      "tipoEstado": "RECIBIDO"
    }]
  }
]