[
  {
    "contenido": "Componentes electronicos",
    "tipo": "Caja",
    "costo": 20000,
    "peso": 10,
    "nroGuia": "5JYW845J",
    "remitente": {
      "ciudad": "ANGELOPOLIS ANTIOQUIA",
      "direccion": "Edificio central, piso 3, Ucaldas",
      "id": "C0002",
      "telefono": "3006785645",
      "nombre": "Juan Felipe Ariza Ramirez"
    },
    "alto": 1.5,
    "idEnvio": "5JYW845J",
    "destinatario": {
      "ciudad": "ANORI ANTIOQUIA",
      "direccion": "Laboratorio de física cuántica, LFCB",
      "id": "C0001",
      "telefono": "3115550001",
      "nombre": "Andres Juan Sanchez"
    },
    "estados": [{
      "fecha": "2024-11-21T08:55:40",
      "idEstado": "2030581434",
      "tipoEstado": "RECIBIDO"
    }],
    "ancho": 1.3,
    "fragil": true,
    "valorDeclarado": 60000,
    "largo": 1.5
  },
  {
    "contenido": "Llantas para porsche",
    "tipo": "Caja",
    "costo": 39500,
    "peso": 29,
    "nroGuia": "G5ID3SZN",
    "remitente": {
      "ciudad": "MANIZALES CALDAS",
      "direccion": "Mercaldas La Fuente, Manizales",
      "id": "A08LI",
      "telefono": "3126542879",
      "nombre": "Juan Mateo Martinez Osorio"
    },
    "alto": 1.56,
    "idEnvio": "G5ID3SZN",
    "destinatario": {
      "ciudad": "ANORI ANTIOQUIA",
      "direccion": "Laboratorio de física cuántica, LFCB",
      "id": "C0001",
      "telefono": "3115550001",
      "nombre": "Andres Juan Sanchez"
    },
    "estados": [{
      "fecha": "2024-11-22T15:11:33",
      "idEstado": "647982021",
      "tipoEstado": "RECIBIDO"
    }],
    "ancho": 2,
    "fragil": true,
    "valorDeclarado": 170000,
    "largo": 1
  },
  {
    "contenido": "Termos",
    "tipo": "Caja",
    "costo": 30000,
    "peso": 10,
    "nroGuia": "OGVI9MFJ",
    "remitente": {
      "ciudad": "BOGOTÁ, D.C. BOGOTÁ",
      "direccion": "Centro, carrera 20 # 15a-16",
      "id": "JWTCG",
      "telefono": "3202926754",
      "nombre": "Jaqueline Murcia Martinez"
    },
    "alto": 2,
    "idEnvio": "OGVI9MFJ",
    "destinatario": {
      "ciudad": "SANTANA BOYACA",
      "direccion": "Laboratorio de física cuántica, LFCB",
      "id": "C0003",
      "telefono": "3115550001",
      "nombre": "Antonio jose guevara murcia"
    },
    "estados": [{
      "fecha": "2024-11-22T15:51:57",
      "idEstado": "1436144720",
      "tipoEstado": "RECIBIDO"
    }],
    "ancho": 1,
    "fragil": true,
    "valorDeclarado": 70000,
    "largo": 2
  },
  {
    "contenido": "Motor V8 porsche",
    "tipo": "Caja",
    "costo": 177000,
    "peso": 330,
    "nroGuia": "1L7EWMCO",
    "remitente": {
      "ciudad": "MANIZALES CALDAS",
      "direccion": "Mercaldas La Fuente, Manizales",
      "id": "A08LI",
      "telefono": "3126542879",
      "nombre": "Juan Mateo Martinez Osorio"
    },
    "alto": 1,
    "idEnvio": "1L7EWMCO",
    "destinatario": {
      "ciudad": "ANORI ANTIOQUIA",
      "direccion": "Laboratorio de física cuántica, LFCB",
      "id": "C0001",
      "telefono": "3115550001",
      "nombre": "Andres Juan Sanchez"
    },
    "estados": [{
      "fecha": "2024-11-24T19:26:32",
      "idEstado": "2031935879",
      "tipoEstado": "RECIBIDO"
    }],
    "ancho": 1,
    "fragil": true,
    "valorDeclarado": 400000,
    "largo": 1
  },
  {
    "contenido": "Caja con cuero para costura",
    "tipo": "Caja",
    "costo": 37000,
    "peso": 50,
    "nroGuia": "VEI9B5L2",
    "remitente": {
      "ciudad": "SANTANA BOYACA",
      "direccion": "Laboratorio de física cuántica, LFCB",
      "id": "C0003",
      "telefono": "3115550001",
      "nombre": "Antonio jose guevara murcia"
    },
    "alto": 1,
    "idEnvio": "VEI9B5L2",
    "destinatario": {
      "ciudad": "ANORI ANTIOQUIA",
      "direccion": "Laboratorio de física cuántica, LFCB",
      "id": "C0001",
      "telefono": "3115550001",
      "nombre": "Andres Juan Sanchez"
    },
    "estados": [{
      "fecha": "2024-11-24T19:28:44",
      "idEstado": "685100947",
      "tipoEstado": "RECIBIDO"
    }],
    "ancho": 1,
    "fragil": true,
    "valorDeclarado": 95000,
    "largo": 1
  },
  {
    "contenido": "Llantas para moto",
    "tipo": "Caja",
    "costo": 22000,
    "peso": 20,
    "nroGuia": "ZUWZ61DH",
    "remitente": {
      "ciudad": "VIRACACHA BOYACA",
      "direccion": "Call 72 # 23-26",
      "id": "TIJKT",
      "telefono": "3207865643",
      "nombre": "Victor Euclides Martinez Florez"
    },
    "alto": 1,
    "idEnvio": "ZUWZ61DH",
    "destinatario": {
      "ciudad": "SANTANA BOYACA",
      "direccion": "Laboratorio de física cuántica, LFCB",
      "id": "C0003",
      "telefono": "3115550001",
      "nombre": "Antonio jose guevara murcia"
    },
    "estados": [{
      "fecha": "2024-11-25T10:48:49",
      "idEstado": "1805961951",
      "tipoEstado": "RECIBIDO"
    }],
    "ancho": 1,
    "fragil": false,
    "valorDeclarado": 200000,
    "largo": 1
  },
  {
    "contenido": "paquetes",
    "tipo": "Caja",
    "costo": 17000,
    "peso": 10,
    "nroGuia": "113IDNT1",
    "remitente": {
      "ciudad": "MANIZALES CALDAS",
      "direccion": "Mercaldas La Fuente, Manizales",
      "id": "A08LI",
      "telefono": "3126542879",
      "nombre": "Juan Mateo Martinez Osorio"
    },
    "alto": 1,
    "idEnvio": "113IDNT1",
    "destinatario": {
      "ciudad": "ANORI ANTIOQUIA",
      "direccion": "Laboratorio de física cuántica, LFCB",
      "id": "C0001",
      "telefono": "3115550001",
      "nombre": "Andres Juan Sanchez"
    },
    "estados": [{
      "fecha": "2024-11-25T11:08:31",
      "idEstado": "2002927824",
      "tipoEstado": "RECIBIDO"
    }],
    "ancho": 1,
    "fragil": true,
    "valorDeclarado": 1000,
    "largo": 1
  }
]