[
  {
    "ciudad": "ANORI ANTIOQUIA",
    "direccion": "Laboratorio de física cuántica, LFCB",
    "id": "C0001",
    "telefono": "3115550001",
    "nombre": "Andres Juan Sanchez"
  },
  {
    "ciudad": "ANGELOPOLIS ANTIOQUIA",
    "direccion": "Edificio central, piso 3, Ucaldas",
    "id": "C0002",
    "telefono": "3006785645",
    "nombre": "Juan Felipe Ariza Ramirez"
  },
  {
    "ciudad": "SANTANA BOYACA",
    "direccion": "Laboratorio de física cuántica, LFCB",
    "id": "C0003",
    "telefono": "3115550001",
    "nombre": "Antonio jose guevara murcia"
  },
  {
    "ciudad": "MANIZALES CALDAS",
    "direccion": "Mercaldas La Fuente, Manizales",
    "id": "A08LI",
    "telefono": "3126542879",
    "nombre": "Juan Mateo Martinez Osorio"
  },
  {
    "ciudad": "BOGOTÁ, D.C. BOGOTÁ",
    "direccion": "Centro, carrera 20 # 15a-16",
    "id": "JWTCG",
    "telefono": "3202926754",
    "nombre": "Jaqueline Murcia Martinez"
  },
  {
    "ciudad": "CORRALES BOYACA",
    "direccion": "Centro avenida 21",
    "id": "C0006",
    "telefono": "3209876543",
    "nombre": "Javier Francisco Hernandez Lopez"
  },
  {
    "ciudad": "PEREIRA RISARALDA",
    "direccion": "Calle 4 # 20B-12",
    "id": "KAI5B",
    "telefono": "3209875643",
    "nombre": "Laura Daniela Pulgarin Murcia"
  },
  {
    "ciudad": "VIRACACHA BOYACA",
    "direccion": "Call 72 # 23-26",
    "id": "TIJKT",
    "telefono": "3207865643",
    "nombre": "Victor Euclides Martinez Florez"
  }
]