[
  {
    "contenido": "Paquete con componentes electronicos",
    "tipo": "Paquete",
    "costo": 20000,
    "peso": 200,
    "nroGuia": "P4UZ0VBB",
    "fragil": true,
    "valorDeclarado": 200000,
    "remitente": {
      "ciudad": "ANORI ANTIOQUIA",
      "direccion": "Laboratorio de física cuántica, LFCB",
      "id": "C0001",
      "telefono": "3115550001",
      "nombre": "Andres Juan Sanchez"
    },
    "idEnvio": "P4UZ0VBB",
    "destinatario": {
      "ciudad": "MANIZALES CALDAS",
      "direccion": "Mercaldas La Fuente, Manizales",
      "id": "A08LI",
      "telefono": "3126542879",
      "nombre": "Juan Mateo Martinez Osorio"
    },
    "estados": [{
      "fecha": "2024-11-03T23:46:11",
      "idEstado": "1367678582",
      "tipoEstado": "RECIBIDO"
    }]
  },
  {
    "contenido": "Componentes electrónicos",
    "tipo": "Paquete",
    "costo": 20000,
    "peso": 200,
    "nroGuia": "SFTD2PGZ",
    "fragil": true,
    "valorDeclarado": 2000,
    "remitente": {
      "ciudad": "BOGOTÁ, D.C. BOGOTÁ",
      "direccion": "Centro, carrera 20 # 15a-16",
      "id": "JWTCG",
      "telefono": "3202926754",
      "nombre": "Jaqueline Murcia Martinez"
    },
    "idEnvio": "SFTD2PGZ",
    "destinatario": {
      "ciudad": "MANIZALES CALDAS",
      "direccion": "Mercaldas La Fuente, Manizales",
      "id": "A08LI",
      "telefono": "3126542879",
      "nombre": "Juan Mateo Martinez Osorio"
    },
    "estados": [{
      "fecha": "2024-11-04T00:25:50",
      "idEstado": "803165926",
      "tipoEstado": "RECIBIDO"
    }]
  },
  {
    "contenido": "Componentes electrónicos",
    "tipo": "Paquete",
    "costo": 20000,
    "peso": 200,
    "nroGuia": "TSDI3C4O",
    "fragil": false,
    "valorDeclarado": 20000,
    "remitente": {
      "ciudad": "MANIZALES CALDAS",
      "direccion": "Mercaldas La Fuente, Manizales",
      "id": "A08LI",
      "telefono": "3126542879",
      "nombre": "Juan Mateo Martinez Osorio"
    },
    "idEnvio": "TSDI3C4O",
    "destinatario": {
      "ciudad": "SANTANA BOYACA",
      "direccion": "Laboratorio de física cuántica, LFCB",
      "id": "C0003",
      "telefono": "3115550001",
      "nombre": "Antonio jose guevara murcia"
    },
    "estados": [{
      "fecha": "2024-11-04T02:39:57",
      "idEstado": "1369404224",
      "tipoEstado": "RECIBIDO"
    }]
  },
  {
    "contenido": "Componentes electrónicos 2",
    "tipo": "Paquete",
    "costo": 20000,
    "peso": 200,
    "nroGuia": "4SI9FGCW",
    "fragil": true,
    "valorDeclarado": 20000,
    "remitente": {
      "ciudad": "ANORI ANTIOQUIA",
      "direccion": "Laboratorio de física cuántica, LFCB",
      "id": "C0001",
      "telefono": "3115550001",
      "nombre": "Andres Juan Sanchez"
    },
    "idEnvio": "4SI9FGCW",
    "destinatario": {
      "ciudad": "ANORI ANTIOQUIA",
      "direccion": "Laboratorio de física cuántica, LFCB",
      "id": "C0001",
      "telefono": "3115550001",
      "nombre": "Andres Juan Sanchez"
    },
    "estados": [{
      "fecha": "2024-11-04T02:43:04",
      "idEstado": "600310466",
      "tipoEstado": "RECIBIDO"
    }]
  },
  {
    "contenido": "Caja con hilos",
    "tipo": "Paquete",
    "costo": 1000,
    "peso": 10,
    "nroGuia": "E9B6IQO0",
    "fragil": false,
    "valorDeclarado": 13000,
    "remitente": {
      "ciudad": "ANORI ANTIOQUIA",
      "direccion": "Laboratorio de física cuántica, LFCB",
      "id": "C0001",
      "telefono": "3115550001",
      "nombre": "Andres Juan Sanchez"
    },
    "idEnvio": "E9B6IQO0",
    "destinatario": {
      "ciudad": "SANTANA BOYACA",
      "direccion": "Laboratorio de física cuántica, LFCB",
      "id": "C0003",
      "telefono": "3115550001",
      "nombre": "Antonio jose guevara murcia"
    },
    "estados": [{
      "fecha": "2024-11-24T19:38:24",
      "idEstado": "45783518",
      "tipoEstado": "RECIBIDO"
    }]
  },
  {
    "contenido": "Paquete con camisetas",
    "tipo": "Paquete",
    "costo": 3000,
    "peso": 30,
    "nroGuia": "GUNOT9RB",
    "fragil": true,
    "valorDeclarado": 20000,
    "remitente": {
      "ciudad": "ANORI ANTIOQUIA",
      "direccion": "Laboratorio de física cuántica, LFCB",
      "id": "C0001",
      "telefono": "3115550001",
      "nombre": "Andres Juan Sanchez"
    },
    "idEnvio": "GUNOT9RB",
    "destinatario": {
      "ciudad": "CORRALES BOYACA",
      "direccion": "Centro avenida 21",
      "id": "C0006",
      "telefono": "3209876543",
      "nombre": "Javier Francisco Hernandez Lopez"
    },
    "estados": [{
      "fecha": "2024-11-24T22:27:38",
      "idEstado": "1050636365",
      "tipoEstado": "RECIBIDO"
    }]
  },
  {
    "contenido": "Paquete con zapatos",
    "tipo": "Paquete",
    "costo": 1000,
    "peso": 10,
    "nroGuia": "E3OFGTOO",
    "fragil": true,
    "valorDeclarado": 5000,
    "remitente": {
      "ciudad": "BOGOTÁ, D.C. BOGOTÁ",
      "direccion": "Centro, carrera 20 # 15a-16",
      "id": "JWTCG",
      "telefono": "3202926754",
      "nombre": "Jaqueline Murcia Martinez"
    },
    "idEnvio": "E3OFGTOO",
    "destinatario": {
      "ciudad": "ANGELOPOLIS ANTIOQUIA",
      "direccion": "Edificio central, piso 3, Ucaldas",
      "id": "C0002",
      "telefono": "3006785645",
      "nombre": "Juan Felipe Ariza Ramirez"
    },
    "estados": [{
      "fecha": "2024-11-25T11:33:19",
      "idEstado": "870163703",
      "tipoEstado": "RECIBIDO"
    }]
  },
  {
    "contenido": "Paquete con discos duros",
    "tipo": "Paquete",
    "costo": 20000,
    "peso": 200,
    "nroGuia": "LWXLE0L6",
    "fragil": true,
    "valorDeclarado": 200000,
    "remitente": {
      "ciudad": "ANORI ANTIOQUIA",
      "direccion": "Laboratorio de física cuántica, LFCB",
      "id": "C0001",
      "telefono": "3115550001",
      "nombre": "Andres Juan Sanchez"
    },
    "idEnvio": "LWXLE0L6",
    "destinatario": {
      "ciudad": "ANGELOPOLIS ANTIOQUIA",
      "direccion": "Edificio central, piso 3, Ucaldas",
      "id": "C0002",
      "telefono": "3006785645",
      "nombre": "Juan Felipe Ariza Ramirez"
    },
    "estados": [{
      "fecha": "2025-10-08T20:29:44",
      "idEstado": "718183246",
      "tipoEstado": "ENTREGADO"
    }]
  },
  {
    "contenido": "Paquete con discos duros",
    "tipo": "Paquete",
    "costo": 20000,
    "peso": 200,
    "nroGuia": "DMR4GWHH",
    "fragil": true,
    "valorDeclarado": 200000,
    "remitente": {
      "ciudad": "ANORI ANTIOQUIA",
      "direccion": "Laboratorio de física cuántica, LFCB",
      "id": "C0001",
      "telefono": "3115550001",
      "nombre": "Andres Juan Sanchez"
    },
    "idEnvio": "DMR4GWHH",
    "destinatario": {
      "ciudad": "ANGELOPOLIS ANTIOQUIA",
      "direccion": "Edificio central, piso 3, Ucaldas",
      "id": "C0002",
      "telefono": "3006785645",
      "nombre": "Juan Felipe Ariza Ramirez"
    },
    "estados": [{
      "fecha": "2025-10-08T20:29:44",
      "idEstado": "82929606",
      "tipoEstado": "ENVIADO"
    }]
  }
]