[
  {
    "contenido": "Documentos",
    "tipo": "Sobre",
    "costo": 2860,
    "peso": 0,
    "nroGuia": "8JK5ML9S",
    "fragil": false,
    "valorDeclarado": 0,
    "remitente": {
      "ciudad": "ANGELOPOLIS ANTIOQUIA",
      "direccion": "Edificio central, piso 3, Ucaldas",
      "id": "C0002",
      "telefono": "3006785645",
      "nombre": "Juan Felipe Ariza Ramirez"
    },
    "idEnvio": "8JK5ML9S",
    "certificado": true,
    "destinatario": {
      "ciudad": "BOGOTÁ, D.C. BOGOTÁ",
      "direccion": "Centro, carrera 20 # 15a-16",
      "id": "JWTCG",
      "telefono": "3202926754",
      "nombre": "Jaqueline Murcia Martinez"
    },
    "estados": [{
      "fecha": "2024-11-26T10:25:51",
      "idEstado": "1819917624",
      "tipoEstado": "RECIBIDO"
    }]
  },
  {
    "contenido": "Documentos",
    "tipo": "Sobre",
    "costo": 2860,
    "peso": 0,
    "nroGuia": "42F53RGL",
    "fragil": false,
    "valorDeclarado": 0,
    "remitente": {
      "ciudad": "ANORI ANTIOQUIA",
      "direccion": "Laboratorio de física cuántica, LFCB",
      "id": "C0001",
      "telefono": "3115550001",
      "nombre": "Andres Juan Sanchez"
    },
    "idEnvio": "42F53RGL",
    "certificado": true,
    "destinatario": {
      "ciudad": "ANGELOPOLIS ANTIOQUIA",
      "direccion": "Edificio central, piso 3, Ucaldas",
      "id": "C0002",
      "telefono": "3006785645",
      "nombre": "Juan Felipe Ariza Ramirez"
    },
    "estados": [{
      "fecha": "2024-11-26T10:41:48",
      "idEstado": "145340797",
      "tipoEstado": "RECIBIDO"
    }]
  },
  {
    "contenido": "Documentos",
    "tipo": "Sobre",
    "costo": 2860,
    "peso": 0,
    "nroGuia": "Q1MUX9Y9",
    "fragil": false,
    "valorDeclarado": 0,
    "remitente": {
      "ciudad": "VIRACACHA BOYACA",
      "direccion": "Call 72 # 23-26",
      "id": "TIJKT",
      "telefono": "3207865643",
      "nombre": "Victor Euclides Martinez Florez"
    },
    "idEnvio": "Q1MUX9Y9",
    "certificado": true,
    "destinatario": {
      "ciudad": "MANIZALES CALDAS",
      "direccion": "Mercaldas La Fuente, Manizales",
      "id": "A08LI",
      "telefono": "3126542879",
      "nombre": "Juan Mateo Martinez Osorio"
    },
    "estados": [{
      "fecha": "2024-11-26T10:43:56",
      "idEstado": "1132070540",
      "tipoEstado": "RECIBIDO"
    }]
  },
  {
    "contenido": "Documentos",
    "tipo": "Sobre",
    "costo": 2860,
    "peso": 0,
    "nroGuia": "VVBY64J0",
    "fragil": false,
    "valorDeclarado": 0,
    "remitente": {
      "ciudad": "SANTANA BOYACA",
      "direccion": "Laboratorio de física cuántica, LFCB",
      "id": "C0003",
      "telefono": "3115550001",
      "nombre": "Antonio jose guevara murcia"
    },
    "idEnvio": "VVBY64J0",
    "certificado": true,
    "destinatario": {
      "ciudad": "ANGELOPOLIS ANTIOQUIA",
      "direccion": "Edificio central, piso 3, Ucaldas",
      "id": "C0002",
      "telefono": "3006785645",
      "nombre": "Juan Felipe Ariza Ramirez"
    },
    "estados": [{
      "fecha": "2024-11-26T10:59:34",
      "idEstado": "18392236",
      "tipoEstado": "RECIBIDO"
    }]
  },
  {
    "contenido": "Documentos",
    "tipo": "Sobre",
    "costo": 2860,
    "peso": 0,
    "nroGuia": "PX1ZKO1Q",
    "fragil": false,
    "valorDeclarado": 0,
    "remitente": {
      "ciudad": "VIRACACHA BOYACA",
      "direccion": "Call 72 # 23-26",
      "id": "TIJKT",
      "telefono": "3207865643",
      "nombre": "Victor Euclides Martinez Florez"
    },
    "idEnvio": "PX1ZKO1Q",
    "certificado": true,
    "destinatario": {
      "ciudad": "ANGELOPOLIS ANTIOQUIA",
      "direccion": "Edificio central, piso 3, Ucaldas",
      "id": "C0002",
      "telefono": "3006785645",
      "nombre": "Juan Felipe Ariza Ramirez"
    },
    "estados": [{
      "fecha": "2024-11-27T20:56:14",
      "idEstado": "428560598",
      "tipoEstado": "RECIBIDO"
    }]
  },
  {
    "contenido": "Documentos",
    "tipo": "Sobre",
    "costo": 2860,
    "peso": 0,
    "nroGuia": "HHCTDNKF",
    "fragil": false,
    "valorDeclarado": 0,
    "remitente": {
      "ciudad": "ANGELOPOLIS ANTIOQUIA",
      "direccion": "Edificio central, piso 3, Ucaldas",
      "id": "C0002",
      "telefono": "3006785645",
      "nombre": "Juan Felipe Ariza Ramirez"
    },
    "idEnvio": "HHCTDNKF",
    "certificado": true,
    "destinatario": {
      "ciudad": "PEREIRA RISARALDA",
      "direccion": "Calle 4 # 20B-12",
      "id": "KAI5B",
      "telefono": "3209875643",
      "nombre": "Laura Daniela Pulgarin Murcia"
    },
    "estados": [{
      "fecha": "2024-11-28T14:43:39",
      "idEstado": "406441667",
      "tipoEstado": "RECIBIDO"
    }]
  },
  {
    "contenido": "Documentos",
    "tipo": "Sobre",
    "costo": 2860,
    "peso": 0,
    "nroGuia": "VLVMR76V",
    "fragil": false,
    "valorDeclarado": 0,
    "remitente": {
      "ciudad": "ANORI ANTIOQUIA",
      "direccion": "Laboratorio de física cuántica, LFCB",
      "id": "C0001",
      "telefono": "3115550001",
      "nombre": "Andres Juan Sanchez"
    },
    "idEnvio": "VLVMR76V",
    "certificado": true,
    "destinatario": {
      "ciudad": "ANGELOPOLIS ANTIOQUIA",
      "direccion": "Edificio central, piso 3, Ucaldas",
      "id": "C0002",
      "telefono": "3006785645",
      "nombre": "Juan Felipe Ariza Ramirez"
    },
    "estados": [{
      "fecha": "2024-11-28T16:41:31",
      "idEstado": "1642467184",
      "tipoEstado": "RECIBIDO"
    }]
  },
  {
    "contenido": "Documentos",
    "tipo": "Sobre",
    "costo": 2860,
    "peso": 0,
    "nroGuia": "SXMS2STP",
    "fragil": false,
    "valorDeclarado": 0,
    "remitente": {
      "ciudad": "CORRALES BOYACA",
      "direccion": "Centro avenida 21",
      "id": "C0006",
      "telefono": "3209876543",
      "nombre": "Javier Francisco Hernandez Lopez"
    },
    "idEnvio": "SXMS2STP",
    "certificado": true,
    "destinatario": {
      "ciudad": "VIRACACHA BOYACA",
      "direccion": "Call 72 # 23-26",
      "id": "TIJKT",
      "telefono": "3207865643",
      "nombre": "Victor Euclides Martinez Florez"
    },
    "estados": [{
      "fecha": "2024-12-01T22:19:11",
      "idEstado": "210299413",
      "tipoEstado": "RECIBIDO"
    }]
  },
  {
    "contenido": "Documentos",
    "tipo": "Sobre",
    "costo": 2860,
    "peso": 0,
    "nroGuia": "8E8C47UB",
    "fragil": false,
    "valorDeclarado": 0,
    "remitente": {
      "ciudad": "MANIZALES CALDAS",
      "direccion": "Mercaldas La Fuente, Manizales",
      "id": "A08LI",
      "telefono": "3126542879",
      "nombre": "Juan Mateo Martinez Osorio"
    },
    "idEnvio": "8E8C47UB",
    "certificado": true,
    "destinatario": {
      "ciudad": "ANORI ANTIOQUIA",
      "direccion": "Laboratorio de física cuántica, LFCB",
      "id": "C0001",
      "telefono": "3115550001",
      "nombre": "Andres Juan Sanchez"
    },
    "estados": [{
      "fecha": "2024-12-01T22:19:20",
      "idEstado": "271088598",
      "tipoEstado": "RECIBIDO"
    }]
  }
]